filename,caption,index
00000.jpg,,0
00001.jpg,,1
00002.jpg,,2
00003.jpg,,3
00004.jpg,,4
00005.jpg,,5
00006.jpg,,6
00007.jpg,,7
00008.jpg,,8
00009.jpg,,9
00010.jpg,,10
00011.jpg,,11
00012.jpg,,12
00013.jpg,,13
00014.jpg,,14
00015.jpg,,15
00016.jpg,,16
00017.jpg,,17
00018.jpg,,18
00019.jpg,,19
00020.jpg,,20
00021.jpg,,21
00022.jpg,,22
00023.jpg,,23
00024.jpg,,24
00025.jpg,,25
00026.jpg,,26
00027.jpg,,27
00028.jpg,,28
00029.jpg,,29
00030.jpg,,30
00031.jpg,,31
00032.jpg,,32
00033.jpg,,33
00034.jpg,,34
00035.jpg,,35
00036.jpg,,36
00037.jpg,,37
00038.jpg,,38
00039.jpg,,39
00040.jpg,,40
00041.jpg,,41
00042.jpg,,42
00043.jpg,,43
00044.jpg,,44
00045.jpg,,45
00046.jpg,,46
00047.jpg,,47
00048.jpg,,48
00049.jpg,,49
00050.jpg,,50
00051.jpg,,51
00052.jpg,,52
00053.jpg,,53
00054.jpg,,54
00055.jpg,,55
00056.jpg,,56
00057.jpg,,57
00058.jpg,,58
00059.jpg,,59
00060.jpg,,60
00061.jpg,,61
00062.jpg,,62
00063.jpg,,63
00064.jpg,,64
00065.jpg,,65
00066.jpg,,66
00067.jpg,,67
00068.jpg,,68
00069.jpg,,69
00070.jpg,,70
00071.jpg,,71
00072.jpg,,72
00073.jpg,,73
00074.jpg,,74
00075.jpg,,75
00076.jpg,,76
00077.jpg,,77
00078.jpg,,78
00079.jpg,,79
00080.jpg,,80
00081.jpg,,81
00082.jpg,,82
00083.jpg,,83
00084.jpg,,84
00085.jpg,,85
00086.jpg,,86
00087.jpg,,87
00088.jpg,,88
00089.jpg,,89
00090.jpg,,90
00091.jpg,,91
00092.jpg,,92
00093.jpg,,93
00094.jpg,,94
00095.jpg,,95
00096.jpg,,96
00097.jpg,,97
00098.jpg,,98
00099.jpg,,99
00100.jpg,,100
00101.jpg,,101
00102.jpg,,102
00103.jpg,,103
00104.jpg,,104
00105.jpg,,105
00106.jpg,,106
00107.jpg,,107
00108.jpg,,108
00109.jpg,,109
00110.jpg,,110
00111.jpg,,111
00112.jpg,,112
00113.jpg,,113
00114.jpg,,114
00115.jpg,,115
00116.jpg,,116
00117.jpg,,117
00118.jpg,,118
00119.jpg,,119
00120.jpg,,120
00121.jpg,,121
00122.jpg,,122
00123.jpg,,123
00124.jpg,,124
00125.jpg,,125
00126.jpg,,126
00127.jpg,,127
00128.jpg,,128
00129.jpg,,129
00130.jpg,,130
00131.jpg,,131
00132.jpg,,132
00133.jpg,,133
00134.jpg,,134
00135.jpg,,135
00136.jpg,,136
00137.jpg,,137
00138.jpg,,138
00139.jpg,,139
00140.jpg,,140
00141.jpg,,141
00142.jpg,,142
00143.jpg,,143
00144.jpg,,144
00145.jpg,,145
00146.jpg,,146
00147.jpg,,147
00148.jpg,,148
00149.jpg,,149
00150.jpg,,150
00151.jpg,,151
00152.jpg,,152
00153.jpg,,153
00154.jpg,,154
00155.jpg,,155
00156.jpg,,156
00157.jpg,,157
00158.jpg,,158
00159.jpg,,159
00160.jpg,,160
00161.jpg,,161
00162.jpg,,162
00163.jpg,,163
00164.jpg,,164
00165.jpg,,165
00166.jpg,,166
00167.jpg,,167
00168.jpg,,168
00169.jpg,,169
00170.jpg,,170
00171.jpg,,171
00172.jpg,,172
00173.jpg,,173
00174.jpg,,174
00175.jpg,,175
00176.jpg,,176
00177.jpg,,177
00178.jpg,,178
00179.jpg,,179
00180.jpg,,180
00181.jpg,,181
00182.jpg,,182
00183.jpg,,183
00184.jpg,,184
00185.jpg,,185
00186.jpg,,186
00187.jpg,,187
00188.jpg,,188
00189.jpg,,189
00190.jpg,,190
00191.jpg,,191
00192.jpg,,192
00193.jpg,,193
00194.jpg,,194
00195.jpg,,195
00196.jpg,,196
00197.jpg,,197
00198.jpg,,198
00199.jpg,,199
00200.jpg,,200
00201.jpg,,201
00202.jpg,,202
00203.jpg,,203
00204.jpg,,204
00205.jpg,,205
00206.jpg,,206
00207.jpg,,207
00208.jpg,,208
00209.jpg,,209
00210.jpg,,210
00211.jpg,,211
00212.jpg,,212
00213.jpg,,213
00214.jpg,,214
00215.jpg,,215
00216.jpg,,216
00217.jpg,,217
00218.jpg,,218
00219.jpg,,219
00220.jpg,,220
00221.jpg,,221
00222.jpg,,222
00223.jpg,,223
00224.jpg,,224
00225.jpg,,225
00226.jpg,,226
00227.jpg,,227
00228.jpg,,228
00229.jpg,,229
00230.jpg,,230
00231.jpg,,231
00232.jpg,,232
00233.jpg,,233
00234.jpg,,234
00235.jpg,,235
00236.jpg,,236
00237.jpg,,237
00238.jpg,,238
00239.jpg,,239
00240.jpg,,240
00241.jpg,,241
00242.jpg,,242
00243.jpg,,243
00244.jpg,,244
00245.jpg,,245
00246.jpg,,246
00247.jpg,,247
00248.jpg,,248
00249.jpg,,249
00250.jpg,,250
00251.jpg,,251
00252.jpg,,252
00253.jpg,,253
00254.jpg,,254
00255.jpg,,255
00256.jpg,,256
00257.jpg,,257
00258.jpg,,258
00259.jpg,,259
00260.jpg,,260
00261.jpg,,261
00262.jpg,,262
00263.jpg,,263
00264.jpg,,264
00265.jpg,,265
00266.jpg,,266
00267.jpg,,267
00268.jpg,,268
00269.jpg,,269
00270.jpg,,270
00271.jpg,,271
00272.jpg,,272
00273.jpg,,273
00274.jpg,,274
00275.jpg,,275
00276.jpg,,276
00277.jpg,,277
00278.jpg,,278
00279.jpg,,279
00280.jpg,,280
00281.jpg,,281
00282.jpg,,282
00283.jpg,,283
00284.jpg,,284
00285.jpg,,285
00286.jpg,,286
00287.jpg,,287
00288.jpg,,288
00289.jpg,,289
00290.jpg,,290
00291.jpg,,291
00292.jpg,,292
00293.jpg,,293
00294.jpg,,294
00295.jpg,,295
00296.jpg,,296
00297.jpg,,297
00298.jpg,,298
00299.jpg,,299
00300.jpg,,300
00301.jpg,,301
00302.jpg,,302
00303.jpg,,303
00304.jpg,,304
00305.jpg,,305
00306.jpg,,306
00307.jpg,,307
00308.jpg,,308
00309.jpg,,309
00310.jpg,,310
00311.jpg,,311
00312.jpg,,312
00313.jpg,,313
00314.jpg,,314
00315.jpg,,315
00316.jpg,,316
00317.jpg,,317
00318.jpg,,318
00319.jpg,,319
00320.jpg,,320
00321.jpg,,321
00322.jpg,,322
00323.jpg,,323
00324.jpg,,324
00325.jpg,,325
00326.jpg,,326
00327.jpg,,327
00328.jpg,,328
00329.jpg,,329
00330.jpg,,330
00331.jpg,,331
00332.jpg,,332
00333.jpg,,333
00334.jpg,,334
00335.jpg,,335
00336.jpg,,336
00337.jpg,,337
00338.jpg,,338
00339.jpg,,339
00340.jpg,,340
00341.jpg,,341
00342.jpg,,342
00343.jpg,,343
00344.jpg,,344
00345.jpg,,345
00346.jpg,,346
00347.jpg,,347
00348.jpg,,348
00349.jpg,,349
00350.jpg,,350
00351.jpg,,351
00352.jpg,,352
00353.jpg,,353
00354.jpg,,354
00355.jpg,,355
00356.jpg,,356
00357.jpg,,357
00358.jpg,,358
00359.jpg,,359
00360.jpg,,360
00361.jpg,,361
00362.jpg,,362
00363.jpg,,363
00364.jpg,,364
00365.jpg,,365
00366.jpg,,366
00367.jpg,,367
00368.jpg,,368
00369.jpg,,369
00370.jpg,,370
00371.jpg,,371
00372.jpg,,372
00373.jpg,,373
00374.jpg,,374
00375.jpg,,375
00376.jpg,,376
00377.jpg,,377
00378.jpg,,378
00379.jpg,,379
00380.jpg,,380
00381.jpg,,381
00382.jpg,,382
00383.jpg,,383
00384.jpg,,384
00385.jpg,,385
00386.jpg,,386
00387.jpg,,387
00388.jpg,,388
00389.jpg,,389
00390.jpg,,390
00391.jpg,,391
00392.jpg,,392
00393.jpg,,393
00394.jpg,,394
00395.jpg,,395
00396.jpg,,396
00397.jpg,,397
00398.jpg,,398
00399.jpg,,399
00400.jpg,,400
00401.jpg,,401
00402.jpg,,402
00403.jpg,,403
00404.jpg,,404
00405.jpg,,405
00406.jpg,,406
00407.jpg,,407
00408.jpg,,408
00409.jpg,,409
00410.jpg,,410
00411.jpg,,411
00412.jpg,,412
00413.jpg,,413
00414.jpg,,414
00415.jpg,,415
00416.jpg,,416
00417.jpg,,417
00418.jpg,,418
00419.jpg,,419
00420.jpg,,420
00421.jpg,,421
00422.jpg,,422
00423.jpg,,423
00424.jpg,,424
00425.jpg,,425
00426.jpg,,426
00427.jpg,,427
00428.jpg,,428
00429.jpg,,429
00430.jpg,,430
00431.jpg,,431
00432.jpg,,432
00433.jpg,,433
00434.jpg,,434
00435.jpg,,435
00436.jpg,,436
00437.jpg,,437
00438.jpg,,438
00439.jpg,,439
00440.jpg,,440
00441.jpg,,441
00442.jpg,,442
00443.jpg,,443
00444.jpg,,444
00445.jpg,,445
00446.jpg,,446
00447.jpg,,447
00448.jpg,,448
00449.jpg,,449
00450.jpg,,450
00451.jpg,,451
00452.jpg,,452
00453.jpg,,453
00454.jpg,,454
00455.jpg,,455
00456.jpg,,456
00457.jpg,,457
00458.jpg,,458
00459.jpg,,459
00460.jpg,,460
00461.jpg,,461
00462.jpg,,462
00463.jpg,,463
00464.jpg,,464
00465.jpg,,465
00466.jpg,,466
00467.jpg,,467
00468.jpg,,468
00469.jpg,,469
00470.jpg,,470
00471.jpg,,471
00472.jpg,,472
00473.jpg,,473
00474.jpg,,474
00475.jpg,,475
00476.jpg,,476
00477.jpg,,477
00478.jpg,,478
00479.jpg,,479
00480.jpg,,480
00481.jpg,,481
00482.jpg,,482
00483.jpg,,483
00484.jpg,,484
00485.jpg,,485
00486.jpg,,486
00487.jpg,,487
00488.jpg,,488
00489.jpg,,489
00490.jpg,,490
00491.jpg,,491
00492.jpg,,492
00493.jpg,,493
00494.jpg,,494
00495.jpg,,495
00496.jpg,,496
00497.jpg,,497
00498.jpg,,498
00499.jpg,,499
00500.jpg,,500
00501.jpg,,501
00502.jpg,,502
00503.jpg,,503
00504.jpg,,504
00505.jpg,,505
00506.jpg,,506
00507.jpg,,507
00508.jpg,,508
00509.jpg,,509
00510.jpg,,510
00511.jpg,,511
00512.jpg,,512
00513.jpg,,513
00514.jpg,,514
00515.jpg,,515
00516.jpg,,516
00517.jpg,,517
00518.jpg,,518
00519.jpg,,519
00520.jpg,,520
00521.jpg,,521
00522.jpg,,522
00523.jpg,,523
00524.jpg,,524
00525.jpg,,525
00526.jpg,,526
00527.jpg,,527
00528.jpg,,528
00529.jpg,,529
00530.jpg,,530
00531.jpg,,531
00532.jpg,,532
00533.jpg,,533
00534.jpg,,534
00535.jpg,,535
00536.jpg,,536
00537.jpg,,537
00538.jpg,,538
00539.jpg,,539
00540.jpg,,540
00541.jpg,,541
00542.jpg,,542
00543.jpg,,543
00544.jpg,,544
00545.jpg,,545
00546.jpg,,546
00547.jpg,,547
00548.jpg,,548
00549.jpg,,549
00550.jpg,,550
00551.jpg,,551
00552.jpg,,552
00553.jpg,,553
00554.jpg,,554
00555.jpg,,555
00556.jpg,,556
00557.jpg,,557
00558.jpg,,558
00559.jpg,,559
00560.jpg,,560
00561.jpg,,561
00562.jpg,,562
00563.jpg,,563
00564.jpg,,564
00565.jpg,,565
00566.jpg,,566
00567.jpg,,567
00568.jpg,,568
00569.jpg,,569
00570.jpg,,570
00571.jpg,,571
00572.jpg,,572
00573.jpg,,573
00574.jpg,,574
00575.jpg,,575
00576.jpg,,576
00577.jpg,,577
00578.jpg,,578
00579.jpg,,579
00580.jpg,,580
00581.jpg,,581
00582.jpg,,582
00583.jpg,,583
00584.jpg,,584
00585.jpg,,585
00586.jpg,,586
00587.jpg,,587
00588.jpg,,588
00589.jpg,,589
00590.jpg,,590
00591.jpg,,591
00592.jpg,,592
00593.jpg,,593
00594.jpg,,594
00595.jpg,,595
00596.jpg,,596
00597.jpg,,597
00598.jpg,,598
00599.jpg,,599
00600.jpg,,600
00601.jpg,,601
00602.jpg,,602
00603.jpg,,603
00604.jpg,,604
00605.jpg,,605
00606.jpg,,606
00607.jpg,,607
00608.jpg,,608
00609.jpg,,609
00610.jpg,,610
00611.jpg,,611
00612.jpg,,612
00613.jpg,,613
00614.jpg,,614
00615.jpg,,615
00616.jpg,,616
00617.jpg,,617
00618.jpg,,618
00619.jpg,,619
00620.jpg,,620
00621.jpg,,621
00622.jpg,,622
00623.jpg,,623
00624.jpg,,624
00625.jpg,,625
00626.jpg,,626
00627.jpg,,627
00628.jpg,,628
00629.jpg,,629
00630.jpg,,630
00631.jpg,,631
00632.jpg,,632
00633.jpg,,633
00634.jpg,,634
00635.jpg,,635
00636.jpg,,636
00637.jpg,,637
00638.jpg,,638
00639.jpg,,639
00640.jpg,,640
00641.jpg,,641
00642.jpg,,642
00643.jpg,,643
00644.jpg,,644
00645.jpg,,645
00646.jpg,,646
00647.jpg,,647
00648.jpg,,648
00649.jpg,,649
00650.jpg,,650
00651.jpg,,651
00652.jpg,,652
00653.jpg,,653
00654.jpg,,654
00655.jpg,,655
00656.jpg,,656
00657.jpg,,657
00658.jpg,,658
00659.jpg,,659
00660.jpg,,660
00661.jpg,,661
00662.jpg,,662
00663.jpg,,663
00664.jpg,,664
00665.jpg,,665
00666.jpg,,666
00667.jpg,,667
00668.jpg,,668
00669.jpg,,669
00670.jpg,,670
00671.jpg,,671
00672.jpg,,672
00673.jpg,,673
00674.jpg,,674
00675.jpg,,675
00676.jpg,,676
00677.jpg,,677
00678.jpg,,678
00679.jpg,,679
00680.jpg,,680
00681.jpg,,681
00682.jpg,,682
00683.jpg,,683
00684.jpg,,684
00685.jpg,,685
00686.jpg,,686
00687.jpg,,687
00688.jpg,,688
00689.jpg,,689
00690.jpg,,690
00691.jpg,,691
00692.jpg,,692
00693.jpg,,693
00694.jpg,,694
00695.jpg,,695
00696.jpg,,696
00697.jpg,,697
00698.jpg,,698
00699.jpg,,699
00700.jpg,,700
00701.jpg,,701
00702.jpg,,702
00703.jpg,,703
00704.jpg,,704
00705.jpg,,705
00706.jpg,,706
00707.jpg,,707
00708.jpg,,708
00709.jpg,,709
00710.jpg,,710
00711.jpg,,711
00712.jpg,,712
00713.jpg,,713
00714.jpg,,714
00715.jpg,,715
00716.jpg,,716
00717.jpg,,717
00718.jpg,,718
00719.jpg,,719
00720.jpg,,720
00721.jpg,,721
00722.jpg,,722
00723.jpg,,723
00724.jpg,,724
00725.jpg,,725
00726.jpg,,726
00727.jpg,,727
00728.jpg,,728
00729.jpg,,729
00730.jpg,,730
00731.jpg,,731
00732.jpg,,732
00733.jpg,,733
00734.jpg,,734
00735.jpg,,735
00736.jpg,,736
00737.jpg,,737
00738.jpg,,738
00739.jpg,,739
00740.jpg,,740
00741.jpg,,741
00742.jpg,,742
00743.jpg,,743
00744.jpg,,744
00745.jpg,,745
00746.jpg,,746
00747.jpg,,747
00748.jpg,,748
00749.jpg,,749
00750.jpg,,750
00751.jpg,,751
00752.jpg,,752
00753.jpg,,753
00754.jpg,,754
00755.jpg,,755
00756.jpg,,756
00757.jpg,,757
00758.jpg,,758
00759.jpg,,759
00760.jpg,,760
00761.jpg,,761
00762.jpg,,762
00763.jpg,,763
00764.jpg,,764
00765.jpg,,765
00766.jpg,,766
00767.jpg,,767
00768.jpg,,768
00769.jpg,,769
00770.jpg,,770
00771.jpg,,771
00772.jpg,,772
00773.jpg,,773
00774.jpg,,774
00775.jpg,,775
00776.jpg,,776
00777.jpg,,777
00778.jpg,,778
00779.jpg,,779
00780.jpg,,780
00781.jpg,,781
00782.jpg,,782
00783.jpg,,783
00784.jpg,,784
00785.jpg,,785
00786.jpg,,786
00787.jpg,,787
00788.jpg,,788
00789.jpg,,789
00790.jpg,,790
00791.jpg,,791
00792.jpg,,792
00793.jpg,,793
00794.jpg,,794
00795.jpg,,795
00796.jpg,,796
00797.jpg,,797
00798.jpg,,798
00799.jpg,,799
00800.jpg,,800
00801.jpg,,801
00802.jpg,,802
00803.jpg,,803
00804.jpg,,804
00805.jpg,,805
00806.jpg,,806
00807.jpg,,807
00808.jpg,,808
00809.jpg,,809
00810.jpg,,810
00811.jpg,,811
00812.jpg,,812
00813.jpg,,813
00814.jpg,,814
00815.jpg,,815
00816.jpg,,816
00817.jpg,,817
00818.jpg,,818
00819.jpg,,819
00820.jpg,,820
00821.jpg,,821
00822.jpg,,822
00823.jpg,,823
00824.jpg,,824
00825.jpg,,825
00826.jpg,,826
00827.jpg,,827
00828.jpg,,828
00829.jpg,,829
00830.jpg,,830
00831.jpg,,831
00832.jpg,,832
00833.jpg,,833
00834.jpg,,834
00835.jpg,,835
00836.jpg,,836
00837.jpg,,837
00838.jpg,,838
00839.jpg,,839
00840.jpg,,840
00841.jpg,,841
00842.jpg,,842
00843.jpg,,843
00844.jpg,,844
00845.jpg,,845
00846.jpg,,846
00847.jpg,,847
00848.jpg,,848
00849.jpg,,849
00850.jpg,,850
00851.jpg,,851
00852.jpg,,852
00853.jpg,,853
00854.jpg,,854
00855.jpg,,855
00856.jpg,,856
00857.jpg,,857
00858.jpg,,858
00859.jpg,,859
00860.jpg,,860
00861.jpg,,861
00862.jpg,,862
00863.jpg,,863
00864.jpg,,864
00865.jpg,,865
00866.jpg,,866
00867.jpg,,867
00868.jpg,,868
00869.jpg,,869
00870.jpg,,870
00871.jpg,,871
00872.jpg,,872
00873.jpg,,873
00874.jpg,,874
00875.jpg,,875
00876.jpg,,876
00877.jpg,,877
00878.jpg,,878
00879.jpg,,879
00880.jpg,,880
00881.jpg,,881
00882.jpg,,882
00883.jpg,,883
00884.jpg,,884
00885.jpg,,885
00886.jpg,,886
00887.jpg,,887
00888.jpg,,888
00889.jpg,,889
00890.jpg,,890
00891.jpg,,891
00892.jpg,,892
00893.jpg,,893
00894.jpg,,894
00895.jpg,,895
00896.jpg,,896
00897.jpg,,897
00898.jpg,,898
00899.jpg,,899
00900.jpg,,900
00901.jpg,,901
00902.jpg,,902
00903.jpg,,903
00904.jpg,,904
00905.jpg,,905
00906.jpg,,906
00907.jpg,,907
00908.jpg,,908
00909.jpg,,909
00910.jpg,,910
00911.jpg,,911
00912.jpg,,912
00913.jpg,,913
00914.jpg,,914
00915.jpg,,915
00916.jpg,,916
00917.jpg,,917
00918.jpg,,918
00919.jpg,,919
00920.jpg,,920
00921.jpg,,921
00922.jpg,,922
00923.jpg,,923
00924.jpg,,924
00925.jpg,,925
00926.jpg,,926
00927.jpg,,927
00928.jpg,,928
00929.jpg,,929
00930.jpg,,930
00931.jpg,,931
00932.jpg,,932
00933.jpg,,933
00934.jpg,,934
00935.jpg,,935
00936.jpg,,936
00937.jpg,,937
00938.jpg,,938
00939.jpg,,939
00940.jpg,,940
00941.jpg,,941
00942.jpg,,942
00943.jpg,,943
00944.jpg,,944
00945.jpg,,945
00946.jpg,,946
00947.jpg,,947
00948.jpg,,948
00949.jpg,,949
00950.jpg,,950
00951.jpg,,951
00952.jpg,,952
00953.jpg,,953
00954.jpg,,954
00955.jpg,,955
00956.jpg,,956
00957.jpg,,957
00958.jpg,,958
00959.jpg,,959
00960.jpg,,960
00961.jpg,,961
00962.jpg,,962
00963.jpg,,963
00964.jpg,,964
00965.jpg,,965
00966.jpg,,966
00967.jpg,,967
00968.jpg,,968
00969.jpg,,969
00970.jpg,,970
00971.jpg,,971
00972.jpg,,972
00973.jpg,,973
00974.jpg,,974
00975.jpg,,975
00976.jpg,,976
00977.jpg,,977
00978.jpg,,978
00979.jpg,,979
00980.jpg,,980
00981.jpg,,981
00982.jpg,,982
00983.jpg,,983
00984.jpg,,984
00985.jpg,,985
00986.jpg,,986
00987.jpg,,987
00988.jpg,,988
00989.jpg,,989
00990.jpg,,990
00991.jpg,,991
00992.jpg,,992
00993.jpg,,993
00994.jpg,,994
00995.jpg,,995
00996.jpg,,996
00997.jpg,,997
00998.jpg,,998
00999.jpg,,999
01000.jpg,,1000
01001.jpg,,1001
01002.jpg,,1002
01003.jpg,,1003
01004.jpg,,1004
01005.jpg,,1005
01006.jpg,,1006
01007.jpg,,1007
01008.jpg,,1008
01009.jpg,,1009
01010.jpg,,1010
01011.jpg,,1011
01012.jpg,,1012
01013.jpg,,1013
01014.jpg,,1014
01015.jpg,,1015
01016.jpg,,1016
01017.jpg,,1017
01018.jpg,,1018
01019.jpg,,1019
01020.jpg,,1020
01021.jpg,,1021
01022.jpg,,1022
01023.jpg,,1023
01024.jpg,,1024
01025.jpg,,1025
01026.jpg,,1026
01027.jpg,,1027
01028.jpg,,1028
01029.jpg,,1029
01030.jpg,,1030
01031.jpg,,1031
01032.jpg,,1032
01033.jpg,,1033
01034.jpg,,1034
01035.jpg,,1035
01036.jpg,,1036
01037.jpg,,1037
01038.jpg,,1038
01039.jpg,,1039
01040.jpg,,1040
01041.jpg,,1041
01042.jpg,,1042
01043.jpg,,1043
01044.jpg,,1044
01045.jpg,,1045
01046.jpg,,1046
01047.jpg,,1047
01048.jpg,,1048
01049.jpg,,1049
01050.jpg,,1050
01051.jpg,,1051
01052.jpg,,1052
01053.jpg,,1053
01054.jpg,,1054
01055.jpg,,1055
01056.jpg,,1056
01057.jpg,,1057
01058.jpg,,1058
01059.jpg,,1059
01060.jpg,,1060
01061.jpg,,1061
01062.jpg,,1062
01063.jpg,,1063
01064.jpg,,1064
01065.jpg,,1065
01066.jpg,,1066
01067.jpg,,1067
01068.jpg,,1068
01069.jpg,,1069
01070.jpg,,1070
01071.jpg,,1071
01072.jpg,,1072
01073.jpg,,1073
01074.jpg,,1074
01075.jpg,,1075
01076.jpg,,1076
01077.jpg,,1077
01078.jpg,,1078
01079.jpg,,1079
01080.jpg,,1080
01081.jpg,,1081
01082.jpg,,1082
01083.jpg,,1083
01084.jpg,,1084
01085.jpg,,1085
01086.jpg,,1086
01087.jpg,,1087
01088.jpg,,1088
01089.jpg,,1089
01090.jpg,,1090
01091.jpg,,1091
01092.jpg,,1092
01093.jpg,,1093
01094.jpg,,1094
01095.jpg,,1095
01096.jpg,,1096
01097.jpg,,1097
01098.jpg,,1098
01099.jpg,,1099
01100.jpg,,1100
01101.jpg,,1101
01102.jpg,,1102
01103.jpg,,1103
01104.jpg,,1104
01105.jpg,,1105
01106.jpg,,1106
01107.jpg,,1107
01108.jpg,,1108
01109.jpg,,1109
01110.jpg,,1110
01111.jpg,,1111
01112.jpg,,1112
01113.jpg,,1113
01114.jpg,,1114
01115.jpg,,1115
01116.jpg,,1116
01117.jpg,,1117
01118.jpg,,1118
01119.jpg,,1119
01120.jpg,,1120
01121.jpg,,1121
01122.jpg,,1122
01123.jpg,,1123
01124.jpg,,1124
01125.jpg,,1125
01126.jpg,,1126
01127.jpg,,1127
01128.jpg,,1128
01129.jpg,,1129
01130.jpg,,1130
01131.jpg,,1131
01132.jpg,,1132
01133.jpg,,1133
01134.jpg,,1134
01135.jpg,,1135
01136.jpg,,1136
01137.jpg,,1137
01138.jpg,,1138
01139.jpg,,1139
01140.jpg,,1140
01141.jpg,,1141
01142.jpg,,1142
01143.jpg,,1143
01144.jpg,,1144
01145.jpg,,1145
01146.jpg,,1146
01147.jpg,,1147
01148.jpg,,1148
01149.jpg,,1149
01150.jpg,,1150
01151.jpg,,1151
01152.jpg,,1152
01153.jpg,,1153
01154.jpg,,1154
01155.jpg,,1155
01156.jpg,,1156
01157.jpg,,1157
01158.jpg,,1158
01159.jpg,,1159
01160.jpg,,1160
01161.jpg,,1161
01162.jpg,,1162
01163.jpg,,1163
01164.jpg,,1164
01165.jpg,,1165
01166.jpg,,1166
01167.jpg,,1167
01168.jpg,,1168
01169.jpg,,1169
01170.jpg,,1170
01171.jpg,,1171
01172.jpg,,1172
01173.jpg,,1173
01174.jpg,,1174
01175.jpg,,1175
01176.jpg,,1176
01177.jpg,,1177
01178.jpg,,1178
01179.jpg,,1179
01180.jpg,,1180
01181.jpg,,1181
01182.jpg,,1182
01183.jpg,,1183
01184.jpg,,1184
01185.jpg,,1185
01186.jpg,,1186
01187.jpg,,1187
01188.jpg,,1188
01189.jpg,,1189
01190.jpg,,1190
01191.jpg,,1191
01192.jpg,,1192
01193.jpg,,1193
01194.jpg,,1194
01195.jpg,,1195
01196.jpg,,1196
01197.jpg,,1197
01198.jpg,,1198
01199.jpg,,1199
01200.jpg,,1200
01201.jpg,,1201
01202.jpg,,1202
01203.jpg,,1203
01204.jpg,,1204
01205.jpg,,1205
01206.jpg,,1206
01207.jpg,,1207
01208.jpg,,1208
01209.jpg,,1209
01210.jpg,,1210
01211.jpg,,1211
01212.jpg,,1212
01213.jpg,,1213
01214.jpg,,1214
01215.jpg,,1215
01216.jpg,,1216
01217.jpg,,1217
01218.jpg,,1218
01219.jpg,,1219
01220.jpg,,1220
01221.jpg,,1221
01222.jpg,,1222
01223.jpg,,1223
01224.jpg,,1224
01225.jpg,,1225
01226.jpg,,1226
01227.jpg,,1227
01228.jpg,,1228
01229.jpg,,1229
01230.jpg,,1230
01231.jpg,,1231
01232.jpg,,1232
01233.jpg,,1233
01234.jpg,,1234
01235.jpg,,1235
01236.jpg,,1236
01237.jpg,,1237
01238.jpg,,1238
01239.jpg,,1239
01240.jpg,,1240
01241.jpg,,1241
01242.jpg,,1242
01243.jpg,,1243
01244.jpg,,1244
01245.jpg,,1245
01246.jpg,,1246
01247.jpg,,1247
01248.jpg,,1248
01249.jpg,,1249
01250.jpg,,1250
01251.jpg,,1251
01252.jpg,,1252
01253.jpg,,1253
01254.jpg,,1254
01255.jpg,,1255
01256.jpg,,1256
01257.jpg,,1257
01258.jpg,,1258
01259.jpg,,1259
01260.jpg,,1260
01261.jpg,,1261
01262.jpg,,1262
01263.jpg,,1263
01264.jpg,,1264
01265.jpg,,1265
01266.jpg,,1266
01267.jpg,,1267
01268.jpg,,1268
01269.jpg,,1269
01270.jpg,,1270
01271.jpg,,1271
01272.jpg,,1272
01273.jpg,,1273
01274.jpg,,1274
01275.jpg,,1275
01276.jpg,,1276
01277.jpg,,1277
01278.jpg,,1278
01279.jpg,,1279
01280.jpg,,1280
01281.jpg,,1281
01282.jpg,,1282
01283.jpg,,1283
01284.jpg,,1284
01285.jpg,,1285
01286.jpg,,1286
01287.jpg,,1287
01288.jpg,,1288
01289.jpg,,1289
01290.jpg,,1290
01291.jpg,,1291
01292.jpg,,1292
01293.jpg,,1293
01294.jpg,,1294
01295.jpg,,1295
01296.jpg,,1296
01297.jpg,,1297
01298.jpg,,1298
01299.jpg,,1299
01300.jpg,,1300
01301.jpg,,1301
01302.jpg,,1302
01303.jpg,,1303
01304.jpg,,1304
01305.jpg,,1305
01306.jpg,,1306
01307.jpg,,1307
01308.jpg,,1308
01309.jpg,,1309
01310.jpg,,1310
01311.jpg,,1311
01312.jpg,,1312
01313.jpg,,1313
01314.jpg,,1314
01315.jpg,,1315
01316.jpg,,1316
01317.jpg,,1317
01318.jpg,,1318
01319.jpg,,1319
01320.jpg,,1320
01321.jpg,,1321
01322.jpg,,1322
01323.jpg,,1323
01324.jpg,,1324
01325.jpg,,1325
01326.jpg,,1326
01327.jpg,,1327
01328.jpg,,1328
01329.jpg,,1329
01330.jpg,,1330
01331.jpg,,1331
01332.jpg,,1332
01333.jpg,,1333
01334.jpg,,1334
01335.jpg,,1335
01336.jpg,,1336
01337.jpg,,1337
01338.jpg,,1338
01339.jpg,,1339
01340.jpg,,1340
01341.jpg,,1341
01342.jpg,,1342
01343.jpg,,1343
01344.jpg,,1344
01345.jpg,,1345
01346.jpg,,1346
01347.jpg,,1347
01348.jpg,,1348
01349.jpg,,1349
01350.jpg,,1350
01351.jpg,,1351
01352.jpg,,1352
01353.jpg,,1353
01354.jpg,,1354
01355.jpg,,1355
01356.jpg,,1356
01357.jpg,,1357
01358.jpg,,1358
01359.jpg,,1359
01360.jpg,,1360
01361.jpg,,1361
01362.jpg,,1362
01363.jpg,,1363
01364.jpg,,1364
01365.jpg,,1365
01366.jpg,,1366
01367.jpg,,1367
01368.jpg,,1368
01369.jpg,,1369
01370.jpg,,1370
01371.jpg,,1371
01372.jpg,,1372
01373.jpg,,1373
01374.jpg,,1374
01375.jpg,,1375
01376.jpg,,1376
01377.jpg,,1377
01378.jpg,,1378
01379.jpg,,1379
01380.jpg,,1380
01381.jpg,,1381
01382.jpg,,1382
01383.jpg,,1383
01384.jpg,,1384
01385.jpg,,1385
01386.jpg,,1386
01387.jpg,,1387
01388.jpg,,1388
01389.jpg,,1389
01390.jpg,,1390
01391.jpg,,1391
01392.jpg,,1392
01393.jpg,,1393
01394.jpg,,1394
01395.jpg,,1395
01396.jpg,,1396
01397.jpg,,1397
01398.jpg,,1398
01399.jpg,,1399
01400.jpg,,1400
01401.jpg,,1401
01402.jpg,,1402
01403.jpg,,1403
01404.jpg,,1404
01405.jpg,,1405
01406.jpg,,1406
01407.jpg,,1407
01408.jpg,,1408
01409.jpg,,1409
01410.jpg,,1410
01411.jpg,,1411
01412.jpg,,1412
01413.jpg,,1413
01414.jpg,,1414
01415.jpg,,1415
01416.jpg,,1416
01417.jpg,,1417
01418.jpg,,1418
01419.jpg,,1419
01420.jpg,,1420
01421.jpg,,1421
01422.jpg,,1422
01423.jpg,,1423
01424.jpg,,1424
01425.jpg,,1425
01426.jpg,,1426
01427.jpg,,1427
01428.jpg,,1428
01429.jpg,,1429
01430.jpg,,1430
01431.jpg,,1431
01432.jpg,,1432
01433.jpg,,1433
01434.jpg,,1434
01435.jpg,,1435
01436.jpg,,1436
01437.jpg,,1437
01438.jpg,,1438
01439.jpg,,1439
01440.jpg,,1440
01441.jpg,,1441
01442.jpg,,1442
01443.jpg,,1443
01444.jpg,,1444
01445.jpg,,1445
01446.jpg,,1446
01447.jpg,,1447
01448.jpg,,1448
01449.jpg,,1449
01450.jpg,,1450
01451.jpg,,1451
01452.jpg,,1452
01453.jpg,,1453
01454.jpg,,1454
01455.jpg,,1455
01456.jpg,,1456
01457.jpg,,1457
01458.jpg,,1458
01459.jpg,,1459
01460.jpg,,1460
01461.jpg,,1461
01462.jpg,,1462
01463.jpg,,1463
01464.jpg,,1464
01465.jpg,,1465
01466.jpg,,1466
01467.jpg,,1467
01468.jpg,,1468
01469.jpg,,1469
01470.jpg,,1470
01471.jpg,,1471
01472.jpg,,1472
01473.jpg,,1473
01474.jpg,,1474
01475.jpg,,1475
01476.jpg,,1476
01477.jpg,,1477
01478.jpg,,1478
01479.jpg,,1479
01480.jpg,,1480
01481.jpg,,1481
01482.jpg,,1482
01483.jpg,,1483
01484.jpg,,1484
01485.jpg,,1485
01486.jpg,,1486
01487.jpg,,1487
01488.jpg,,1488
01489.jpg,,1489
01490.jpg,,1490
01491.jpg,,1491
01492.jpg,,1492
01493.jpg,,1493
01494.jpg,,1494
01495.jpg,,1495
01496.jpg,,1496
01497.jpg,,1497
01498.jpg,,1498
01499.jpg,,1499
01500.jpg,,1500
01501.jpg,,1501
01502.jpg,,1502
01503.jpg,,1503
01504.jpg,,1504
01505.jpg,,1505
01506.jpg,,1506
01507.jpg,,1507
01508.jpg,,1508
01509.jpg,,1509
01510.jpg,,1510
01511.jpg,,1511
01512.jpg,,1512
01513.jpg,,1513
01514.jpg,,1514
01515.jpg,,1515
01516.jpg,,1516
01517.jpg,,1517
01518.jpg,,1518
01519.jpg,,1519
01520.jpg,,1520
01521.jpg,,1521
01522.jpg,,1522
01523.jpg,,1523
01524.jpg,,1524
01525.jpg,,1525
01526.jpg,,1526
01527.jpg,,1527
01528.jpg,,1528
01529.jpg,,1529
01530.jpg,,1530
01531.jpg,,1531
01532.jpg,,1532
01533.jpg,,1533
01534.jpg,,1534
01535.jpg,,1535
01536.jpg,,1536
01537.jpg,,1537
01538.jpg,,1538
01539.jpg,,1539
01540.jpg,,1540
01541.jpg,,1541
01542.jpg,,1542
01543.jpg,,1543
01544.jpg,,1544
01545.jpg,,1545
01546.jpg,,1546
01547.jpg,,1547
01548.jpg,,1548
01549.jpg,,1549
01550.jpg,,1550
01551.jpg,,1551
01552.jpg,,1552
01553.jpg,,1553
01554.jpg,,1554
01555.jpg,,1555
01556.jpg,,1556
01557.jpg,,1557
01558.jpg,,1558
01559.jpg,,1559
01560.jpg,,1560
01561.jpg,,1561
01562.jpg,,1562
01563.jpg,,1563
01564.jpg,,1564
01565.jpg,,1565
01566.jpg,,1566
01567.jpg,,1567
01568.jpg,,1568
01569.jpg,,1569
01570.jpg,,1570
01571.jpg,,1571
01572.jpg,,1572
01573.jpg,,1573
01574.jpg,,1574
01575.jpg,,1575
01576.jpg,,1576
01577.jpg,,1577
01578.jpg,,1578
01579.jpg,,1579
01580.jpg,,1580
01581.jpg,,1581
01582.jpg,,1582
01583.jpg,,1583
01584.jpg,,1584
01585.jpg,,1585
01586.jpg,,1586
01587.jpg,,1587
01588.jpg,,1588
01589.jpg,,1589
01590.jpg,,1590
01591.jpg,,1591
01592.jpg,,1592
01593.jpg,,1593
01594.jpg,,1594
01595.jpg,,1595
01596.jpg,,1596
01597.jpg,,1597
01598.jpg,,1598
01599.jpg,,1599
01600.jpg,,1600
01601.jpg,,1601
01602.jpg,,1602
01603.jpg,,1603
01604.jpg,,1604
01605.jpg,,1605
01606.jpg,,1606
01607.jpg,,1607
01608.jpg,,1608
01609.jpg,,1609
01610.jpg,,1610
01611.jpg,,1611
01612.jpg,,1612
01613.jpg,,1613
01614.jpg,,1614
01615.jpg,,1615
01616.jpg,,1616
01617.jpg,,1617
01618.jpg,,1618
01619.jpg,,1619
01620.jpg,,1620
01621.jpg,,1621
01622.jpg,,1622
01623.jpg,,1623
01624.jpg,,1624
01625.jpg,,1625
01626.jpg,,1626
01627.jpg,,1627
01628.jpg,,1628
01629.jpg,,1629
01630.jpg,,1630
01631.jpg,,1631
01632.jpg,,1632
01633.jpg,,1633
01634.jpg,,1634
01635.jpg,,1635
01636.jpg,,1636
01637.jpg,,1637
01638.jpg,,1638
01639.jpg,,1639
01640.jpg,,1640
01641.jpg,,1641
01642.jpg,,1642
01643.jpg,,1643
01644.jpg,,1644
01645.jpg,,1645
01646.jpg,,1646
01647.jpg,,1647
01648.jpg,,1648
01649.jpg,,1649
01650.jpg,,1650
01651.jpg,,1651
01652.jpg,,1652
01653.jpg,,1653
01654.jpg,,1654
01655.jpg,,1655
01656.jpg,,1656
01657.jpg,,1657
01658.jpg,,1658
01659.jpg,,1659
01660.jpg,,1660
01661.jpg,,1661
01662.jpg,,1662
01663.jpg,,1663
01664.jpg,,1664
01665.jpg,,1665
01666.jpg,,1666
01667.jpg,,1667
01668.jpg,,1668
01669.jpg,,1669
01670.jpg,,1670
01671.jpg,,1671
01672.jpg,,1672
01673.jpg,,1673
01674.jpg,,1674
01675.jpg,,1675
01676.jpg,,1676
01677.jpg,,1677
01678.jpg,,1678
01679.jpg,,1679
01680.jpg,,1680
01681.jpg,,1681
01682.jpg,,1682
01683.jpg,,1683
01684.jpg,,1684
01685.jpg,,1685
01686.jpg,,1686
01687.jpg,,1687
01688.jpg,,1688
01689.jpg,,1689
01690.jpg,,1690
01691.jpg,,1691
01692.jpg,,1692
01693.jpg,,1693
01694.jpg,,1694
01695.jpg,,1695
01696.jpg,,1696
01697.jpg,,1697
01698.jpg,,1698
01699.jpg,,1699
01700.jpg,,1700
01701.jpg,,1701
01702.jpg,,1702
01703.jpg,,1703
01704.jpg,,1704
01705.jpg,,1705
01706.jpg,,1706
01707.jpg,,1707
01708.jpg,,1708
01709.jpg,,1709
01710.jpg,,1710
01711.jpg,,1711
01712.jpg,,1712
01713.jpg,,1713
01714.jpg,,1714
01715.jpg,,1715
01716.jpg,,1716
01717.jpg,,1717
01718.jpg,,1718
01719.jpg,,1719
01720.jpg,,1720
01721.jpg,,1721
01722.jpg,,1722
01723.jpg,,1723
01724.jpg,,1724
01725.jpg,,1725
01726.jpg,,1726
01727.jpg,,1727
01728.jpg,,1728
01729.jpg,,1729
01730.jpg,,1730
01731.jpg,,1731
01732.jpg,,1732
01733.jpg,,1733
01734.jpg,,1734
01735.jpg,,1735
01736.jpg,,1736
01737.jpg,,1737
01738.jpg,,1738
01739.jpg,,1739
01740.jpg,,1740
01741.jpg,,1741
01742.jpg,,1742
01743.jpg,,1743
01744.jpg,,1744
01745.jpg,,1745
01746.jpg,,1746
01747.jpg,,1747
01748.jpg,,1748
01749.jpg,,1749
01750.jpg,,1750
01751.jpg,,1751
01752.jpg,,1752
01753.jpg,,1753
01754.jpg,,1754
01755.jpg,,1755
01756.jpg,,1756
01757.jpg,,1757
01758.jpg,,1758
01759.jpg,,1759
01760.jpg,,1760
01761.jpg,,1761
01762.jpg,,1762
01763.jpg,,1763
01764.jpg,,1764
01765.jpg,,1765
01766.jpg,,1766
01767.jpg,,1767
01768.jpg,,1768
01769.jpg,,1769
01770.jpg,,1770
01771.jpg,,1771
01772.jpg,,1772
01773.jpg,,1773
01774.jpg,,1774
01775.jpg,,1775
01776.jpg,,1776
01777.jpg,,1777
01778.jpg,,1778
01779.jpg,,1779
01780.jpg,,1780
01781.jpg,,1781
01782.jpg,,1782
01783.jpg,,1783
01784.jpg,,1784
01785.jpg,,1785
01786.jpg,,1786
01787.jpg,,1787
01788.jpg,,1788
01789.jpg,,1789
01790.jpg,,1790
01791.jpg,,1791
01792.jpg,,1792
01793.jpg,,1793
01794.jpg,,1794
01795.jpg,,1795
01796.jpg,,1796
01797.jpg,,1797
01798.jpg,,1798
01799.jpg,,1799
01800.jpg,,1800
01801.jpg,,1801
01802.jpg,,1802
01803.jpg,,1803
01804.jpg,,1804
01805.jpg,,1805
01806.jpg,,1806
01807.jpg,,1807
01808.jpg,,1808
01809.jpg,,1809
01810.jpg,,1810
01811.jpg,,1811
01812.jpg,,1812
01813.jpg,,1813
01814.jpg,,1814
01815.jpg,,1815
01816.jpg,,1816
01817.jpg,,1817
01818.jpg,,1818
01819.jpg,,1819
01820.jpg,,1820
01821.jpg,,1821
01822.jpg,,1822
01823.jpg,,1823
01824.jpg,,1824
01825.jpg,,1825
01826.jpg,,1826
01827.jpg,,1827
01828.jpg,,1828
01829.jpg,,1829
01830.jpg,,1830
01831.jpg,,1831
01832.jpg,,1832
01833.jpg,,1833
01834.jpg,,1834
01835.jpg,,1835
01836.jpg,,1836
01837.jpg,,1837
01838.jpg,,1838
01839.jpg,,1839
01840.jpg,,1840
01841.jpg,,1841
01842.jpg,,1842
01843.jpg,,1843
01844.jpg,,1844
01845.jpg,,1845
01846.jpg,,1846
01847.jpg,,1847
01848.jpg,,1848
01849.jpg,,1849
01850.jpg,,1850
01851.jpg,,1851
01852.jpg,,1852
01853.jpg,,1853
01854.jpg,,1854
01855.jpg,,1855
01856.jpg,,1856
01857.jpg,,1857
01858.jpg,,1858
01859.jpg,,1859
01860.jpg,,1860
01861.jpg,,1861
01862.jpg,,1862
01863.jpg,,1863
01864.jpg,,1864
01865.jpg,,1865
01866.jpg,,1866
01867.jpg,,1867
01868.jpg,,1868
01869.jpg,,1869
01870.jpg,,1870
01871.jpg,,1871
01872.jpg,,1872
01873.jpg,,1873
01874.jpg,,1874
01875.jpg,,1875
01876.jpg,,1876
01877.jpg,,1877
01878.jpg,,1878
01879.jpg,,1879
01880.jpg,,1880
01881.jpg,,1881
01882.jpg,,1882
01883.jpg,,1883
01884.jpg,,1884
01885.jpg,,1885
01886.jpg,,1886
01887.jpg,,1887
01888.jpg,,1888
01889.jpg,,1889
01890.jpg,,1890
01891.jpg,,1891
01892.jpg,,1892
01893.jpg,,1893
01894.jpg,,1894
01895.jpg,,1895
01896.jpg,,1896
01897.jpg,,1897
01898.jpg,,1898
01899.jpg,,1899
01900.jpg,,1900
01901.jpg,,1901
01902.jpg,,1902
01903.jpg,,1903
01904.jpg,,1904
01905.jpg,,1905
01906.jpg,,1906
01907.jpg,,1907
01908.jpg,,1908
01909.jpg,,1909
01910.jpg,,1910
01911.jpg,,1911
01912.jpg,,1912
01913.jpg,,1913
01914.jpg,,1914
01915.jpg,,1915
01916.jpg,,1916
01917.jpg,,1917
01918.jpg,,1918
01919.jpg,,1919
01920.jpg,,1920
01921.jpg,,1921
01922.jpg,,1922
01923.jpg,,1923
01924.jpg,,1924
01925.jpg,,1925
01926.jpg,,1926
01927.jpg,,1927
01928.jpg,,1928
01929.jpg,,1929
01930.jpg,,1930
01931.jpg,,1931
01932.jpg,,1932
01933.jpg,,1933
01934.jpg,,1934
01935.jpg,,1935
01936.jpg,,1936
01937.jpg,,1937
01938.jpg,,1938
01939.jpg,,1939
01940.jpg,,1940
01941.jpg,,1941
01942.jpg,,1942
01943.jpg,,1943
01944.jpg,,1944
01945.jpg,,1945
01946.jpg,,1946
01947.jpg,,1947
01948.jpg,,1948
01949.jpg,,1949
01950.jpg,,1950
01951.jpg,,1951
01952.jpg,,1952
01953.jpg,,1953
01954.jpg,,1954
01955.jpg,,1955
01956.jpg,,1956
01957.jpg,,1957
01958.jpg,,1958
01959.jpg,,1959
01960.jpg,,1960
01961.jpg,,1961
01962.jpg,,1962
01963.jpg,,1963
01964.jpg,,1964
01965.jpg,,1965
01966.jpg,,1966
01967.jpg,,1967
01968.jpg,,1968
01969.jpg,,1969
01970.jpg,,1970
01971.jpg,,1971
01972.jpg,,1972
01973.jpg,,1973
01974.jpg,,1974
01975.jpg,,1975
01976.jpg,,1976
01977.jpg,,1977
01978.jpg,,1978
01979.jpg,,1979
01980.jpg,,1980
01981.jpg,,1981
01982.jpg,,1982
01983.jpg,,1983
01984.jpg,,1984
01985.jpg,,1985
01986.jpg,,1986
01987.jpg,,1987
01988.jpg,,1988
01989.jpg,,1989
01990.jpg,,1990
01991.jpg,,1991
01992.jpg,,1992
01993.jpg,,1993
01994.jpg,,1994
01995.jpg,,1995
01996.jpg,,1996
01997.jpg,,1997
01998.jpg,,1998
01999.jpg,,1999
